0,Nhiều Tác Giả
1,Lê Tiến Hà
2,Hoàng Minh Tuấn
3,Vũ Thị Minh Hạnh
4,Lê Đình Trung
5,Lê Thu Hà
6,Hà Kiều Oanh
7,Nguyễn Hữu Bích
8,Trần Văn Thuật
9,Thái Vân Anh
10,Nguyễn Thị Mai Hoa
11,Ngô Thị Bích Ngọc
12,Thành Yến
13,PGS TS Nguyễn Trí
14,ThS Đào Tiến Thi
15,Thảo Nguyên
16,Trần Minh Hằng
17,Nguyễn Thị Thu Huế
18,Bùi Ngọc Mai
19,Luana Rinaldo
20,Lara Bryan
21,Rosie Hore
22,Trần Ngọc Bảo Hân
23,Hứa Thị Lan Anh
24,Đặng Thu Hoài
25,Ngô Minh Vân
26,Hà Thu Quang
27,Phí Thị Khánh Văn
28,Hà Thị Như Hoa
29,Phạm Thị Mai Anh
30,Trần Thanh Tâm
31,Đoàn Công Tương
32,Nguyễn Văn Ninh
33,Nguyễn Xuân Nam
34,Lê Anh Xuân
35,Dương Hương
36,Thầy Aaron Gardiner
37,Cô Thu Chi
38,Nguyễn Hoàng Vũ
39,Nguyễn Viết Long
40,Đỗ Bách Khoa
41,Hồ Sĩ Thạnh
42,Nguyễn Quốc Tuấn
43,Võ Thị Thuý Anh
44,Nhâm Nguyễn
45,Nguyễn Thị Minh Hương
46,Trương Thái Chân
47,Nguyễn Nam Nguyên
48,Nguyễn Đình Thanh Lân
49,Hoàng Hải Vân
50,Kawa
51,Bảo Việt
52,Đại Lợi
53,Vân Anh
54,Mai Ngọc
55,Đại lợi
56,Bùi Văn Vinh
57,Đăng Khoa
58,Đình Chương
59,Lưu Thu Thuỷ
60,Trần Thị Tố Oanh
61,Trần Tiến Tự
62,Vạn xuân
63,Nguyễn Toàn Anh
64,Nguyễn Đức Tấn
65,Tô Thị Yến
66,Trần Thị Thanh Nhàn
67,Lê Hoành Phò
68,Trần Nam Dũng
69,Lê Phương Liên
70,ThS Phạm Ngọc Thắm
71,Vĩnh Bá
72,PGS TS Đỗ Trung Hiệu
73,Đỗ Trung Kiên
74,NGƯT ThS Mai Trọng Ý
75,Ngô Long Hậu
76,Hoàng Mạnh Hà
77,Lều Mạnh Hiên
78,ThS Nguyễn Văn Nho
79,Mai Lan Hương
80,Hà Thanh Uyên
81,PGS TS Vũ Thanh Khiết
82,Nguyễn Chí Thành
83,Lê Hoài Thu
84,Nguyễn Thị Mỵ
85,Tôn Nữ Cẩm Tú
86,Cẩm Hoàn
87,Huỳnh Tấn Phương
88,Đỗ Thị Ngọc Hiền
89,Trương Thị Ngọc Minh
90,Đỗ Thị Ngọc Hà
91,Lê Hồng Đăng
92,Lê Ngọc Ánh
93,Phạm Ngọc Tiến
94,Lê Phương trí
95,Bộ Giáo Dục và Đào Tạo
96,NGƯT Phạm Đình Thực
97,Sheth Publishing House
98,Trần Mạnh Hưởng
99,Lê Hữu Tỉnh
100,Bộ Giáo Dục Và Đào Tạo
101,Trần Thị Minh Phương
102,Hồ Sĩ Đàm
103,Trần Đỗ Hùng
104,Ngô Ánh Tuyết
105,Nguyễn Hạnh Dung
106,Đặng Văn Hùng
107,Đào Ngọc Lộc
108,Thân Trọng Liên Nhân
109,Trần Huy Phương
110,Hoàng Long
111,Hoàng Lân
112,Lê Đức Sang
113,Hàn Ngọc Bích
114,Bùi Gia Thịnh
115,Nguyễn Phương Hồng
116,Vũ Quang
117,Minh Thư
118,Đắc Lê
119,Lê Minh Châu
120,Nguyễn Hoành Thông
121,Nguyễn Hồng Quân
122,Trần Hiền Hòa
123,Runkids
124,Nguyễn Hoa Mai
125,Thái Quang Vinh
126,PGS TS Lê Văn Hiện
127,Nguyễn Đỗ Chiến
128,Phí Thị Khánh Văn
129,Nguyễn Thị Vân
130,Ngọc Phương
131,Trần Đăng Suyền
132,Trần Nho Thìn
133,Ngô Văn Tuần
134,Nguyễn Hữu Dự
135,Nguyễn Trùng Dương
136,Phạm Thị Hồng Hoa
137,Lưu Dung
138,ThS Cái Ngọc Duy Anh
139,ThS Nguyễn Thị Diệu Phương
140,PGS TS Nguyễn Đức Vũ
141,Lê Trọng Huyền
142,Lê Đình Trung
143,Vũ Đình Túy
144,Đoàn Cảnh Giang
145,Vũ Thanh Khiết
146,Nguyễn Thị Quyên
147,Nguyễn Trọng Sửu
148,Nguyễn Minh Tuấn
149,Bùi Thanh Vân
150,Tăng Văn Dom
151,ThS Nguyễn Thị Hồng Nhung
152,ThS Nguyễn Minh Trang
153,Nguyễn Khánh Phương
154,Nguyễn Tú Phương
155,Nguyễn Văn Hai
156,Nguyễn Hoàng Thanh Ly
157,Lê Thị Mỹ Trinh
158,Vân Hương
159,Lê Tuệ Minh
160,Lê Thu Ngọc
161,Nguyễn Hoàng Thanh Ly
162,Nguyễn Thị Kim Lan
163,Thái Quang Vinh
164,Trần Đức Niềm
165,Lê Thị Nguyên
166,Nguyễn Văn Hai
167,Nguyễn Ly Na
168,Lê Mỹ Trang
169,Nguyễn Vĩnh Cận
170,Quan Hán Thành
171,Nguyễn Quý Thao
172,Thiện Lộc
173,Minh Nguyệt
174,Phạm Bảo Châu
175,Nguyễn Phúc Lâm
176,Thái văn Quân
177,Kirsteen Rogers
178,Nguyễn Thị Hồng Duyên
179,Phan Khắc Nam
180,PGS TS Huỳnh Văn Sơn
181,Phan Minh Phụng
182,Trần Tấn Tài
183,Huỳnh Ngọc Thanh
184,Nguyễn Phước Lợi
185,Thanh Thảo
186,Kim Liên
187,Đoàn Xuân Trường
188,Trần Khánh Ly
189,Võ Thị Hoài Tâm
190,Huỳnh Quốc Hùng
191,ThS Huỳnh Bảo Châu
192,Tô Hoài Phong
193,Nguyễn Tiến
194,Đào Thúy Lê
195,Sasbadi
196,Phan Văn Đức
197,Bạch Thị Năm
198,Sasbadi Group
199,Trần Hải Yến
200,Hoàng Thị Minh Châu
201,Trương Thị Thuyến
202,Mai Trọng Ý
203,Phạm Văn Hoan
204,TS Huỳnh Lâm Anh Chương
205,Nhiều Tác Giả
206,Tạ Thập
207,Vương Thanh Bình
208,Huỳnh Văn Út
209,Nguyễn Trí
210,Trần Thị Thìn
211,Lê Xuân Soan
212,TS Lê Anh Xuân
213,Nguyễn Thị Hương Lan
214,Trần trung Ninh
215,Nguyễn Văn Sang
216,Lê Thị Hạnh Dung
217,Trần Đức Niềm
218,đặng Thanh Sơn
219,Đỗ Thị Hồng Trinh
220,Trương Khải Văn
221,Hoàng Văn Bá
222,Lê Đình Nguyên
223,Lê Lương Tâm
224,Đặng Thanh Sơn
225,Phan Phương Trang
226,Hồng Tuấn Khanh
227,Vũ Khắc Tuân
228,Lê Thị Ngọc Ánh
229,Nguyễn Hữu Tâm
230,Lê Ngọc Diệp
231,Phạm Thị Kim Oanh
232,Trương Công Luận
233,Education Lab
234,Nguyễn Đức Chí
235,Nguyễn Quốc Tuấn
236,Nguyễn Quốc Anh
237,Hoàng Nguyễn Minh Phương
238,Nguyễn Đức Tấn
239,Hiếu Minh
240,Tịnh Lâm
241,Bộ Giáo dục và Đào tạo
242,Mitsuharu Ohyama
243,ThS Lê Đăng Khương
244,Nguyễn Tú Phương
245,Nguyễn Thanh Lâm
246,Võ Hoài Tâm
247,NGUYỄN THÀNH HUÂN
248,Argo Brothers
249,Hoàng Thị Ngọc Tú
250,Mai lan Hương
251,Nguyễn Thanh Loan
252,Đỗ Nhung
253,Bùi Văn Vinh
254,Đại Lợi
255,Phan Đạo
256,Naum Yakovlevich Vilenkin
257,Trần Thị Hải Yến
258,Lê Hồng Đức
259,Đỗ hoàng Hà
260,Lê Hoàng Nam
261,Đoàn Minh Châu
262,Đào Thị Ngọc hà
263,Phan Thị Ngọc Diệp
264,Châu Thanh Hải - Võ Quang Mẫn
265,Nguyễn Văn Hòa
266,Minh Đức
267,Đỗ Quang Thảo
268,Lê Phan Quốc
269,Hoàng Thị Hồng
270,Nguyễn Thị Mỹ Duyên
271,Ths Đào Thị Mộng Ngọc
272,Ths Nguyễn Kim Tường Vy
273,Huỳnh Bảo Châu - Võ Văn Lòng
274,Huỳnh Văn út
275,Nguyễn Thị Ngọc Dung
276,ThS Huỳnh Bảo Châu
277,Huỳnh Quốc Hùng
278,Võ Thị Thúy Anh
279,Tôn Nữ Phương Chi
280,Lê Nguyễn Thanh Tâm
281,Trương Ngọc Thơi
282,Đoàn Thị Kim Nhung
283,Phạm Thị Nga
284,NGƯT Mai Trọng ý
285,Nguyễn Thị Bình
286,Vũ Mai Hương
287,Trần Lê Hân
288,Phạm Văn Công
289,Nguyễn Cam
290,Nguyễn Văn Hiển
291,Trần Đức Huyền
292,Dương Bửu Lộc
293,Phạm Thị Tâm
294,Lê Xuân Anh
295,Tạ Thanh Sơn
296,Võ Thị Huyền Ánh
297,Trần Thị Thu Hà
298,T.S Phan Quốc Việt
299,Đỗ Mạnh Tôn
300,Nguyễn Thúy Vinh
301,Nguyễn Hữu Hi
302,TS.Phạm văn Công
303,Lê Đức
304,Nguyễn Bá
305,Đào Thị Ngọc Hà
306,Đỗ Hoàng Hà
307,Lê Minh Dương
308,Thái Văn Quân
309,Th.s Trần Duy Thúc
310,Phạm Thị Xuân Lan
311,Tống Đức Huy
312,Nguyễn Cửu Phúc
313,Võ Thị Minh Trang
314,GS. TS. Lê Phương Nga
315,Dương Trần Bình
316,Hoa Mai
317,S.Leong
318,Trần Thị Kim Cương
319,Đồ Ngọc Thiện
320,ThS. Lê Thị Nguyên
321,B.SC Lim C.K
322,Ths. Huỳnh Bảo Châu
323,Ths. Lê Xuân Soan
324,Đặng Thành Nam
325,Francis Teo
326,NGƯT Trần Minh Qưới
327,Nguyễn Văn Quí
328,Nguyễn Thành Huân
329,Thiệu Vĩ Hoa
330,nhân trí
331,Hoàng Thắng
332,Hoàng Danh Tài
333,Lê Thị Quỳnh Ly
334,Lê Nguyên Chương
335,Nguyễn Anh Phong
336,Nguyễn Thị Kim Dung
337,ThS Thái Văn Quân
338,Phan Đức Chính
339,Trần Thanh Tâm
340,Trần Thị Trang
341,Tu Ti
342,Lại Nhung
343,Phạm Thị Mỹ Trang
344,Đỗ Ngọc Phương Trinh
345,Argoprep
346,Little Rainbow
347,Hương Giang
348,ThS Huỳnh Văn út
349,Nguyễn Hoàng Khanh
350,TS Phan Khắc Nghệ
351,Nguyễn Văn Chi
352,Võ Thị Hoài Tâm
353,Tiểu Giàu
354,Phạm Đình Thực
355,Nguyễn Đức Phát
356,Lê Thị Kim Phượng
357,Ngô Ngọc An
358,ThS Lê Hồng Đức
359,Nhóm Cự Môn
360,Nguyễn Thị Thanh Tâm
361,TS Phạm Văn Công
362,Minh Tâm
363,Phạm Thị Hồng Sơn
364,Trần Thị Phương
365,Đỗ Sỹ Hóa
366,GS TS Lê Phương Nga
367,NGƯT Phạm Đình thực
368,Nguyễn Việt Hùng
369,Thành Ngọc Linh
370,Nguyễn Quý Thao
371,TS Trần Xuân Tiếp
372,Phạm Hoàng
373,Phan Hoàng Ngân
374,Lê Bích Ngọc
375,Lưu Thị Kim Nhung
376,TS Trần Thị Kim Cương
377,Vụ Giáo Dục Tiểu Học
378,Thiên Ân
379,Nguyễn Minh Thiên Hoàng
380,Trần Thị Hồng Ân
381,Phạm Thùy Liêm
382,PGS TS Hoàng Hòa Bình
383,Karen Kearns
384,Đỗ Minh Hoàng Đức
385,Lê Tấn Hồng Hải
386,Phạm Văn Tuyến
387,Nguyễn Thị Đông
388,Phạm Đình Bình
389,Nguyễn Hải Kiên
390,Đỗ Đình Hoan
391,Nguyễn Áng
392,Phạm Thị Sen
393,Nguyễn Tuyết Nga
394,Trần Minh Quới
395,Trần Lê Thảo Linh
396,Dương Thị Hồng Điệp
397,Huỳnh Bảo Châu
398,Nguyễn Thị Thu Huế
399,Lê Hải Trung
400,Nguyễn Khắc Nghĩa
401,Tống Văn Phúc
402,Trần Ngọc Hoan
403,Lò Văn Thái
404,PGS TS Trương Dĩnh
405,Huyền Linh
406,Nguyễn Thị Ngọc An
407,Nguyễn Thị Minh Thảo
408,Vũ Tiến Quỳnh
409,PGS TS Nguyễn Xuân Trường
410,ThS Quách Văn Long
411,TS Hoàng Thị Thuý Hương
412,Lê Thị Nguyên
413,Trần Thị Yến
414,Trần Nguyễn Đăng Diệu
415,Phạm Thị Thúy
416,Võ Thảo Ly
417,Kiều Oanh
418,Mỹ Quang
419,Đức Thảo
420,Nguyễn Bảo Minh
421,Lê Yến Ngọc
422,Phạm Ngọc Thắm
423,Nguyễn Anh Vinh
424,Trương Văn Thanh
425,Đặng Thị Oanh
426,Nguyễn Ngọc Hà
427,Nguyễn Văn Hải
428,ThS Trương Ngọc Thơi
429,Nguyễn Thị Cẩm Uyên
430,Phạm Thành Công
431,Nguyễn Phúc Lâm
432,Phạm Bảo Châu
433,Nhật Linh
434,Hoàng Thị Lâm Nho
435,Mộc Lan
436,Nguyễn Ngọc Dung
437,Ths Lê Hoành Phò
438,Võ Mộng Trình
439,Nguyễn Tấn Siêng
440,Lê Lương Tâm
441,Nguyễn Hoa Mai
442,Lê Tuyên Văn
443,Tô Hoài Phong
444,Trần Huỳnh Thống
445,Huỳnh Minh Chiến
446,Nguyễn Duy Khánh
447,Trần Vĩnh Sơn
448,Vũ Thị Phát Minh
449,Châu Văn Tạo
450,Nguyễn Lê Ly Na
451,Nguyễn Thị Hương Trầm
452,Trần Trọng Tuyền
453,Nguyễn Anh Dũng
454,Nguyễn Trung Kiên
455,Lê Duy Lực
456,Hoàng Minh Quân
457,Hoàng Xuân Bính
458,Hoàng Đức Vương
459,Nguyễn Tấn Linh
460,Trần Xuân Tiếp
461,Lê Ly Na
462,Cao Thị Thiên An
463,Trần Lê Thùy Linh
464,Nguyễn nam Nguyên
465,Nguyễn Tiến
466,Minh Nguyễn
467,DR Cherry Vũ
468,David Nguyễn
469,Rob England
470,Ronald F Ferguson
471,Tatsha Robertson
472,Phúc Lai
473,Tiêu Tuyết Lệ
474,Nguyễn Thị Thu
475,Lý Tĩnh
476,Paul Tough
477,Mẹ Tee
478,BS David Perlmutter
479,Carol Colman
480,Masami Sasaki
481,Chris Idzikowski
482,PhD
483,Rachel Bertsche
484,Little Shadow
485,Nguyễn Phương Thảo
486,Kim Kông Giáng
487,Mistuko Tateishi
488,Okudaira Amy
489,Erika Takeuchi
490,Sara Imas
491,Young
492,Hoon Kim
493,Makoto Shichida
494,Bando Mariko
495,Jessica Lahey
496,Kevin Nguyễn
497,Nguyễn Khánh Hòa
498,Shigeta Saito
499,Simon Tudhope
500,Trần Lan Hương
501,Nguyễn Hoàng Phúc
502,Sam Smith
503,Kirsteen Robson
504,Katherine Flannery
505,Yoshihiko Morotomi
506,Phan Thanh Tâm
507,Saito Takashi
508,Hong Dinh
509,Yoshihiko Morotomi
510,Park Jae Yeun
511,Bs CKII Nguyễn Thị Thu Hậu
512,Hồ Thị Hải Âu
513,Michael Thompson
514,Catherine O‘Neill Grace
515,Lawrence J.Cohen
516,Lỗ Bằng Trình
517,Liat Hughes Joshi
518,Tứ Diệp Thảo
519,Điển Dũng
520,Dương Hà
521,Cara Koscinski
522,Masanobu Takahama
523,Urako Kanamori
524,BS Thôi Ngọc Đào
525,Nagisa Tatsumi
526,Sun Li
527,Hirofumi Koyama
528,Hiroko Fujiwara
529,Olivia Toja
530,Trịnh Huy Khanh
531,An Minjung
532,Laura Markham
533,Vương Nghệ Lộ
534,Cẩm Viên
535,Nguyễn Thắm
536,Kubota Kisou
537,Uyên Bùi
538,BS Trí Đoàn
539,Lời: Sue Graves Tranh: Desideria Guicciardini
540,Ève Herrmann
541,Linda Dobson
542,Mẹ Pony
543,Gill Rapley
544,Tracey Murkett
545,Sue Graves
546,Desideria Guicciardin
547,Masato Takeuchi
548,Barbara Coloroso
549,Dr Timothy Sharp
550,Satoru Imamura
551,Shin Yee Jin
552,Đào Thị Hải Yến
553,Steven W Vannoy
554,Hà Linh
555,Vũ Hồng Minh
556,Vương Nguy
557,Nguyễn Thu Trang
558,Alex Tu
559,Maria Metlitskaya
560,Lưu Lật
561,L R Knost
562,BS Nguyễn Thu Hằng
563,Merrilee Browne Boyack
564,N Gregory Mankiw
565,Trần Hân
566,Thanh Nhã
567,Fay Angelo
568,Heather Anderson
569,Rose Stewart
570,Vương Huệ
571,duopress labs
572,Claire Gordon
573,Lynn Huggins
574,Cooper
575,ThS Ngô Quỳnh Trang
576,Makiko Nakamuro
577,Estter Wojcicki
578,Lê Thị Linh Trang
579,Ngô Thị Thanh Tiên
580,Tsutsumi Chiharu
581,BS Lê Thị Hải
582,Glen Doman
583,Janet Doman
584,Quỳnh Như
585,Tiền Nguyên Vĩ
586,Trần Lợi Đan
587,Phương Đặng
588,Khánh Ngọc
589,Miki Kano
590,Phan Thương
591,Simone Griffin
592,Dianne Sandler
593,An
594,Libby Purves
595,TS Richard L Travis
596,Thương Lãng
597,Elaine Lui
598,Nobuyoshi Hirai
599,Phạm Thị Thúy
600,Dương Hà
601,Minh Tâm
602,Wakamatsu Aki
603,Sun Yu Mei
604,Steve P Shelov
605,Shelly Vaziri Flais
606,Nguyễn Mười
607,Nguyễn Ngọc Hải
608,Nguyễn Thị Thanh Thủy
609,Trần Thị Thanh Huyền; Minh Đức minh họa
610,Nhiều tác giả được biên soạn bởi “Power of Moms”
611,Thiên Thai
612,Meg Meeker
613,Trương Binh
614,Việt Điển
615,Bội Linh
616,Carol Cooper
617,Sasaki Masami
618,Drmiriam Stoppard
619,Mirriam Stoppard
620,Dr Miriam Stoppard
621,Ngọc Hà
622,Doãn Kiến Lợi
623,Dorothy Law Nolte
624,Rachel Harris
625,Laura Ling Rebecca
626,Eanes
627,Bunmi Laditan
628,Ibuka Masaru
629,Bác sĩSteven P Shelov
630,Bác sĩ Shelly Vaziri Flais
631,TS Hetty van de Rijt
632,TS Frans Plooij
633,Michaelenene Mundy
634,Vương Trí Diễm
635,Vương Ba
636,Adam Mansbach
637,Tiến sĩ Shefali Tsabary
638,Hachun Lyonnet
639,BS Nguyễn Hồng Thu
640,Tiền Thi Kim
641,Tiền Lệ
642,Kobayashi Kimio
643,PGS TS Lê Thị Bích Hồng
644,Lương Ngọc Hoàng
645,Viên Mai
646,Sư Đan
647,Hà Tinh
648,TS Lê Nguyên Phương
649,Lisa Bullard
650,Christine M Schneider
651,Aki Wakamatsu
652,PlayBac
653,Ngọc Ánh
654,Xuân Lê
655,Bác Sĩ Vũ Thị Bích Hạnh
656,Andrey Markovich Maksimov
657,Jane Nelsen
658,ATY
659,Beth Kobliner
660,Richard Templar
661,Libby Purves
662,Phan Hồ Điệp
663,Đỗ Xuân Thảo
664,Bùi Ngọc Thanh Lan
665,Nguyễn Thanh Hải
666,Hương Đỗ
667,Christine Nougarolles
668,Anaïs Galon
669,Thu Hương
670,Beverly Kovach
671,Denise Da Ros
672,Công Bình
673,Maya Thiagarajan
674,Nguyễn Thị Việt Hà
675,Huỳnh Văn Sơn
676,Thư Đỗ
677,Zhao Li Rong
678,Anh Nguyễn
679,Amber Dusick
680,Lời: Sue Graves
681,Tranh: Desideria Guicciardini
682,Morotomi Yoshihiko
683,Gil Gowoon
684,Việt Văn Book
685,Lin Ju
686,Hajime Yamaguchi & Ayako Yamaguchi
687,Trần Thị Huế
688,Trần Quân
689,Chikara Oyano
690,Liệu Khang Cường Trương Hoành Vũ
691,Tuệ Văn
692,Phoenix Ho
693,Dược Lan
694,Lê Thị Phượng Nga
695,Kimberly Ann Johnson
696,Tú Anh Nguyễn
697,Lê Thị Thùy Dương
698,Hoàng Thị Tây Ninh
699,Adele Faber
700,Elaine Mazlish
701,Lam Linh
702,Thái Lý
703,Kubota Kayoko
704,DR Tùng Phan
705,Thanh Anh
706,Ngô Cam Lâm
707,Đặng Tiểu Lan
708,Đăng Thiên
709,Lý Xuân Lợi
710,Shoko Kanno
711,Claire Plimmer
712,JoAnne Pedro Carroll
713,Tổ giáo dục Hán Vũ
714,Tiền Thị Kim
715,Kubota Kayoko
716,Ichida Noriko
717,Nguyễn Minh Thư
718,Hoàng Anh Tú
719,Karen Gravelle
720,Jennifer Gravelle
721,Thái Phỉ Nguyễn Đức Phong
722,Masaaki Yatagai
723,Akehashi Daiji
724,Ohta Tomoko
725,Dobrosav Bob Zivkovic
726,Jasminka Petrovic
727,Reiko Uchida
728,GS Makoto Shichida
729,Yasuhiro Kozaki
730,Lionel Paillès
731,Shichida
732,Kim Thư
733,Hạ A Giang
734,Madeleine Deny
735,Thu Thủy
736,Thu Hương
737,Mitsuko Tateishi
738,Trần Thị Thanh Huyền
739,Minh Đức
740,Etsuko Shimizu
741,Aiko Shibata
742,Lucy Jo Palladino
743,Quỳnh Lê
744,Trương Hữu Khanh
745,Khánh Nguyên
746,Patricia Campbell
747,Maja Pitamic
748,Oscar Brenifier
749,Frédéric Bénaglia minh họa
750,Dagma Geisler
751,Shimi Kang
752,Dương Minh Hào
753,Vũ Thị Mỹ
754,Cù Thị Thúy Lan
755,Từ văn Mạc
756,Trần Thị Ái
757,Dương Thanh Nga
758,Trình Tuấn
759,Jung Wan Kim
760,Yu Jin Seo
761,Joung Yeon Yu
762,Song Linh
763,Ngọc Khánh
764,Từ Ninh
765,Nguyễn Hữu Hợp
766,Phạm Hoàng Dương
767,Vụ Thị Thanh Tâm
768,Mike Moran
769,Lisa Bullard
770,Tạ Như
771,Hình Bác Ninh
772,Merle J Crawford
773,Barbara Weber
774,Đậu Đậu
775,Cao Tiểu Dương
776,Linda Eyre
777,Richard Eyre
778,Hoàng Hương
779,Rahul Sighal
780,Gill Rapley
781,Khánh Tuệ
782,Ngọc Anh
783,Nguyễn Thị Ninh
784,Tsutsumi Chiharu
785,Thu Hà
786,Lu Peng Cheng
787,Sakura Mai Nguyễn
788,Ryoichi Murakami
789,John Medina
790,Denise Schipani
791,Pascale Pavy
792,Cyrielle Rault
793,Lise Herzog
794,Hà Hạo
795,Shulamit Blank
796,Orly Fuchs Shabtai
797,Peg Dawson
798,Richard Guare
799,Maki Eto
800,Trạch Quế Vinh
801,Robert Zuili
802,Hán Trúc
803,TS Sally Ward
804,Nguyễn Hiến Lê
805,Benjamin Spock
806,Dale Carnegie
807,Anthony E Wolf
808,Tô Hồng Vân
809,Tateishi Mitsuki
810,Tiến sĩ Thomas W Phelan
811,Tracy Hogg
812,Melinda Blau
813,Lư Tô Vỹ
814,Viện Giáo Dục Shichida Việt Nam
815,Lee Na Mi
816,Giáo Sư Makoto Shichida
817,Mark Brandy
818,Neil Sinclait
819,Phan Linh
820,Hầu Bảo Đạt
821,PGS TS Nguyễn Phương Hoa
822,Lê Khanh biên soạn
823,Anna Bykova
824,Chu Hồng Vân
825,Vũ Thu Hà
826,Lê Thanh Hải
827,Raun K Kaufman
828,Akira Ikegawa
829,Ellen Notbohm
830,Caroline Fourment
831,Nhóm Thư Gửi Con
832,Hoài Thương
833,Châu Đạo Nam
834,Mẹ Ong Bông
835,Hachun Lyonnet
836,Bubu Hương
837,Bonnie Compton
838,Trần Lê Sơn Ý
839,Karyn D.Hall
840,Melissa H.Cook
841,Kiều Bích Hương
842,Phan Minh Đạo
843,Ohmae Kenichi
844,Elizabeth Verdick
845,Marieka Heinlen
846,Alfie Kohn
847,Ths. Phạm Thị Thúy
848,Robin Berman
849,MD
850,Thế trường
851,Desideria Guicciardini
852,Đặng Dinh
853,Từ Văn Mạc
854,Trần Thị Ái
855,Hồ Nhất Tất
856,Fusaichi Yamazaki
857,Ngọc Chân
858,Shinnohara Kikunori
859,Vũ Thị Hương
860,Dr. Kenvin Leman
861,Louise Boyd Cadwell
862,Fujita Koichiro
863,Nguyễn Thụy Anh
864,Đàm Thị Liên
865,Phan Thị Hồ Điệp
866,BS. Thôi Ngọc Đào
867,Deesha Philyaw
868,Michael D. Thomas
869,Junichi Izumikawa
870,Thùy Dương
871,Vũ Hoa Mỹ
872,Dương Quỳnh Hoa
873,Vân Anh (biên soạn)
874,Daniel J. Siegel
875,Tina Payne Bryson
876,Marie Hélène Place
877,Vương Nguy Thu Trần
878,Mary Sheedy Kurcinka
879,Trần Thị Huyên Thảo
880,Matsumoto Purittu
881,Dương Lượng Lượng
882,Diệu Hoa
883,Daniel J Siegel
884,Geon Oh Kim
885,Lưu Trường Vỹ
886,Vương Lệ Na
887,Tây Mông
888,Junichi Izumikawa
889,Norine Dworkin
890,MC Daniel
891,Jessica Ziegler
892,Trần Thanh Huyền
893,Bác sĩ Dominique Leyronnas
894,Catherine Piraud
895,Shino Maki
896,Nakanawa Fumiko
897,Amber Hatch
898,Diệp My
899,Vương Gia Vân
900,BS.Thôi Ngọc Đào
901,Phạm Ngọc Thanh
902,Phương Anh
903,Thanh Mai
904,Nguyễn Thị Hoa
905,Đại Minh
906,Yamawaki Ỷuiko
907,Phạm Thị Hoài Anh
908,Claire Selby
909,Quế Chi
910,Trương Xuân Cảo
911,Việt Điền
912,Lisa Hark
913,PhD
914,Darwin Deen
915,Bùi Thị Ngọc Hương
916,Phạm Hoa Phượng
917,Vương Trung Hiếu
918,Vương Nghệ Lâm
919,Vũ Ngọc Phương
920,Chu Phương Chi
921,Đậu Thị Huyền
922,TS Jack Gilbert
923,TS Rob Knight
924,Vũ Thị Thu Hằng
925,Nguyễn Thị Thu Huyền
926,Tô Thị Hoàng Lan
927,Hải Phong
928,Edward de Bono
929,Glenn Doman
930,Nghị Quế
931,Trần Ngọc Anh Thư
932,Hạnh Nguyên
933,AiJa Mayrock
934,Lance G King
935,John Blase
936,Oscar Brenifier
937,Suzanne Vallières
938,Minh Thanh
939,Minh Khôi
940,Thanh Hương
941,Chesterphel
942,Mika Wakadu
943,Elvin Leong
944,Jason Ng
945,Trần Hùng John
946,Tadashi Tsujii
947,Annette Kast Zahn
948,Nguyệt Minh
949,Sam Hutchinson
950,Emilie Martin
951,Kim Hankinson
952,David Lang
953,Hien Nguyen
954,Ban Biên tập MIS
955,Phương Dung
956,Phan Kim Khánh Duy
957,Jeong Eui Sang
958,Collins
959,Eduplanet
960,Tri Thức Việt
961,Khương Lệ Bình
962,Trần Mạnh Tường
963,Seiichi Makino
964,Michio Tsutsui
965,Park Shinkyu
966,Kaixin
967,Hoàng Thanh
968,The Windy
969,Barrons Educational Series
970,Hiệp Hội Văn Hóa Sinh Viên Châu Á ABK
971,Minh Nhật
972,Lê Huy Lâm
973,Japan Foundation
974,Nguyễn Thành Yến
975,Joshua Kirkman
976,Triệu Kim Minh
977,James Brown
978,Hanna Hu
979,William Jang
980,Rhona Snelling
981,Nguyễn Đại
982,First News
983,Nguyễn Văn Hiệp
984,Hackers
985,Hoàng Ngân
986,Linh Chi
987,New Oriental Education
988,The Changmi
989,Kim Phàm
990,Mã Tiễn Phi
991,Khương Lệ bình
992,Lee Jang Dol
993,Cambridge
994,Aida Sahutglu
995,Thu Ngân
996,Trần Thanh Hương
997,Trần Hoàng Anh
998,Lewis Richards
999,Hoàng Ngọc Quỳnh
1000,Mao Duyệt
1001,Fiona Aish
1002,Jo Tomlinson
1003,Tôn Vũ
1004,Dương Lượng
1005,Cao Đông Trác
1006,Kozakura
1007,Nguyễn Thị Thùy Anh
1008,Hoàng Thanh
1009,Phùng Thùy Linh
1010,Thùy Anh
1011,Nguyễn Vân Anh
1012,Thuỳ Anh
1013,Trường Hàn Ngữ Việt Hàn Kanata
1014,Lê Huy Khoa
1015,Lê Hữu Nhân
1016,Trịnh Thế Thắng
1017,Rah Hye Min
1018,Ryu Young Seok
1019,Park Choung Yeon
1020,Zhang Juan
1021,Alison Wong
1022,Lâm Vũ
1023,The Zhishi
1024,Kadowaki Kaoru
1025,Nishiuma Kaoru
1026,Ngô Hà Thu
1027,Mai Ngọc Ánh
1028,Mai Ngọc Ánh
1029,Nguyễn Lê Hường
1030,Thiên Phúc
1031,Tuấn Kiệt
1032,Nguyễn Thức Thành Tín
1033,Vũ Triết Minh
1034,Cho Hang Rok
1035,Richie Hahn
1036,Jane Short
1037,Andrew Betsis
1038,Lawrence Mamas
1039,Kim Mi Sook
1040,Trung Tâm Hàn Ngữ Seoul
1041,Gia Linh
1042,Trương Văn Giới
1043,Lê Khắc Kiều Lục
1044,Kim Tae Yoon
1045,Sean Williams
1046,Anneli Williams
1047,Đặng Trần Tùng
1048,Đặng Bích Phương
1049,Bae Jin Young
1050,Kang Min Jung
1051,Quang Bình
1052,Ngọc Lân
1053,Nguyễn Quốc Hùng
1054,Lưu Vân
1055,Thạch Bội Chi
1056,Miyazaki Michiko
1057,Goshi Sachiko
1058,Ngô Ngọc Khánh
1059,Masa Noriso
1060,Pema Rinchen Như Tạng
1061,Nguyễn Phước Lộc
1062,Hà Thiện Thuyên
1063,Tô Cẩm Duy
1064,Paul Coggle
1065,Heiner Schenke
1066,Hirai Etsuko
1067,Miwa Sachiko
1068,Trương Hoàng Duy
1069,La Trường Duy
1070,Huỳnh Thành Công
1071,Min Jin Young
1072,Ahn Jean myung
1073,DK
1074,Haiyoung Lee
1075,Jungran Lee
1076,Jeehye Ha
1077,Bolami Lee
1078,Eunjoo Cho
1079,David Cho
1080,Lê Minh Cẩn
1081,Vũ Hải
1082,Mary Albright
1083,Garrett Byrne
1084,Mary Chadwick
1085,Sam Robinson
1086,Châu Thùy Trang
1087,Lâm Long
1088,Anne Taylor
1089,Lê Minh Hà
1090,Kit Pancoast Nagamura
1091,Kyoko Tsuchiya
1092,Le Ba Thach
1093,Brain Quest
1094,Alethea Kontis
1095,Bob Kolar
1096,Hà Vạn
1097,Juseonglim
1098,Dan Berns
1099,Phạm Á Phi
1100,Apiradee Midomaru
1101,Vinij Yeesaman
1102,Hoàng Bảo Ngân
1103,Trương Gia Quyền
1104,S Makino
1105,M Tsutsui
1106,Dương Đình Bá
1107,Ng Xuân Khánh
1108,Nguyễn Thanh Chương
1109,Ninh Hùng
1110,Lee Ki Taek
1111,Lê Đình Khẩn
1112,Nguyễn Thanh Chương
1113,TS Trương Gia Quyền
1114,TS Tô Phương Cường
1115,ThS Trương Mỹ Vân
1116,ThS
1117,Paik Pong Ja
1118,Ishii Reiko
1119,Saito Akiko
1120,Koyano Miho
1121,Suzuki Hideko
1122,Yamazaki Hiroko
1123,Ahn Jean Myung
1124,Lee Kyung Ah
1125,Han Hoo Young
1126,Thanh Quyền
1127,Peggy Anderson
1128,Tomomatsu Etsuko
1129,Fukushima Sachi
1130,Nakamura Kaori
1131,Giáo Sư
1132,Tiến Sĩ Mai Ngọc Chừ
1133,AZ books
1134,Yun Yeol
1135,George Smith
1136,Hà Thanh UYên
1137,Dương Dạng
1138,Andrew Betsis 
Lawrence Mamas
1139,David A Wills
1140,Vi Hiểu Lượng
1141,Tiết Hồng Cương
1142,Megan Sussman
1143,Yukang Kim
1144,Jaekyung Jeong
1145,Hasuk Hwang
1146,Michele Walker
1147,TriVietbooks
1148,BLUE UP
1149,Yuki Wen
1150,Chloe Chang
1151,Larousse
1152,Thảo Lê
1153,ZIM Academic English School
1154,Nguyễn Anh Toàn
1155,Davis Trans
1156,Sylvie Decaux
1157,Marcel Marlier
1158,MA
1159,Ahn Seol Hee
1160,Min Jin Young
1161,Kim Min Sung
1162,Vy Ngọc
1163,Trần Văn Chánh
1164,Lê Anh Minh
1165,Trang Anh
1166,Sasaki Hitoko
1167,Matsumoto Noriko
1168,Trung Võ
1169,Nishibe Yuji
1170,Johny Nguyen
1171,Takubod
1172,Jang Naojilia
1173,Swi Ji Maeha Namu
1174,Nguyên Thảo
1175,Lavinia Gopi
1176,J.Lee
1177,Nhiều tác giả.
1178,ThS Huỳnh Thị Chiêu Uyên
1179,TS Trương Gia Quyền
1180,TS Kiều Thị Vân Anh
1181,ThS Phùng Nguyễn Trí Thông
1182,Thanh Xuân
1183,Bruce Stirling
1184,Claire Luong
1185,Sracey Riches
1186,Hwang Seo Yoon
1187,Huyền Windy
1188,Trường Nhật ngữ Quốc tế KCP
1189,Nguyễn Thị Hạnh
1190,Trương Hoàng
1191,Dương Ký Châu bs
1192,Lý Xuân Linh
1193,Đổng Tụy
1194,Vương Tố Mai
1195,Chính Bình
1196,Tom Booth
1197,Nguyễn Thanh Loan
1198,Tharinee Luengareeporn
1199,Sombat Kiwhok
1200,Usborne
1201,Anh Ngữ ZIM
1202,Cù Lâm Bình
1203,Nguyễn Ngọc Nam
1204,Woo Bo Hyun
1205,Đàm Vĩnh Hưng
1206,The Sakura
1207,G E GIAM
1208,Phan Văn Giưỡng
1209,Sarah M
1210,Maureen Lee
1211,J.Lee
1212,Đại học Ngon ngữ Bắc Kinh
1213,Nishikimi Shizue
1214,Seki Kaoru
1215,Shigeno Mie
1216,Đại học ngôn ngữ Bắc kinh
1217,Nguyễn Thiện Chí
1218,Nguyễn Thị Thu Hằng
1219,Jennifer Geronimo
1220,Elizabeth Tsai
1221,Viv lambert 
Cheryl Pelteret
1222,Jang Heok Suh
1223,Laura
1224,Vivian
1225,Sirilak Rattanasuwaj
1226,Kannawan Pannawan
1227,June
1228,Viv Lambert 
Wendy Superfine
1229,Cheryl Pelteret 
Hilary Thompson
1230,Megumi
1231,Cheryl Pelteret Hilary Thompson
1232,Wendy Superfine
Judy West
1233,Els Van Geyte
1234,Rhona Snelling
1235,Karen Kovacs
1236,PONS
1237,Nguyễn Thu Huyền
1238,Arc Academy
1239,Trung tâm nghiên cứu phát triển tiếng Hán Quốc Tế
1240,Ryo Shimizu
1241,Sam McCarter
1242,Đức Tín
1243,Như Ngọc
1244,Võ Trung Kiên
1245,Trần Ngọc Thịnh
1246,Nguyễn Thảo Nguyên
1247,Park Ji Hoon
1248,Chu Thị Phong Lan
1249,Trần Thị Hường
1250,Yu Semi
1251,Eri Banno
1252,Yoko Ikeda
1253,Chikako Shinagawa
1254,Kaori Tajima
1255,Kyoko Tokashiki
1256,TS Nguyễn Thị Thanh Huệ
1257,Language Publishing Editorial
1258,Ebidora
1259,Peter Lai
1260,Johnny Wu
1261,Jonah Wilson
1262,Jon Marks
1263,Foreign Language Teaching
1264,Research Press
1265,Nguyễn Thị Hạnh
1266,Barron
1267,Miles Craven
1268,Dương Ký Châu
1269,Đại Học Ngôn Ngữ Bắc Kinh
1270,Hoàng Thị Hồng Ân
1271,Đại Học Bắc Kinh
1272,Hiệp Hội Giảng Dạy Tiếng Nhật Ajalt
1273,Minh Thu
1274,Bruce Stỉling
1275,Lee Mi Hye
1276,Lê Đăng Hoan
1277,Lê Thị Thu Giang
1278,Đỗ Ngọc Luyến
1279,Lương Nguyễn Thanh Trang
1280,TẬP THỂ GIÁO VIÊN 123VIETNAMESE
1281,Đại học Ngôn ngữ Bắc Kinh
1282,Ri Suguru
1283,Trang Thơm
1284,Vương Trí Cương
1285,Trần Di
1286,Nguyễn Phi Vân
1287,Anh Tuan Le
1288,Jonathan Rauch
1289,Thủy Mi Vật Ngữ
1290,Juliana Jiyoon Lee
1291,Tal Ben Shahar
1292,Karen Alexander
1293,Teresa Baker
1294,An Nhiên
1295,Hạ Dữ Chí
1296,Samuel Smiles
1297,Vương Chấn Bắc
1298,Marc Reklau
1299,Võ Thị Minh Huệ
1300,Trần Lộ
1301,Ngô Quân
1302,Sarah Cooper
1303,Jennifer McCartney
1304,Du Mẫn Hồng
1305,Laurie Pickard
1306,Kate Hanley
1307,Vũ Xuân Minh
1308,Ron Marasco
1309,Brian Shuff
1310,Acacia C Parks
1311,Stephen M Schueller
1312,Annie McKee
1313,Patrick J McGinnis
1314,Sonja Lyubomirsky
1315,Nhi Hexe
1316,Catherine A Sanderson
1317,Donna MacGorge
1318,Liesl Clark
1319,Rebecca Rockfeller
1320,Minh Thành
1321,Kim Chi
1322,Ngọc Bùi
1323,Hà Vĩnh Thọ
1324,Trí Thức Việt
1325,Andy Anderson
1326,Bertolt Brecht
1327,Khoan Khoan
1328,Việt An
1329,Lê Hữu Nam
1330,Bạch Tô
1331,Chaka Booker
1332,Trần Lam
1333,Eline Snel
1334,Hồng Thanh
1335,Nguyễn Thị Vi Khanh
1336,SangHyun Kim
1337,Silvana Siskov
1338,Lưu Dĩnh
1339,Kim Mi Kyung
1340,Liz Marvin
1341,Annie Davidson
1342,Teo Aik Cher
1343,Achaan Chah
1344,Jeong Moon Jeong
1345,Stéphane Garnier
1346,Stephen R Covey
1347,Mark Manson
1348,Meladee Mccarty
1349,Hanoch Mccarty
1350,Janine Robertson
1351,Paul Gordon
1352,Thái Đồng
1353,Cheryl Strayed
1354,Vicki Robin
1355,Joe Dominguez
1356,Kuranari Hiroshi
1357,Nobuyori Oshima
1358,Phổ Tường
1359,The Arbinger Institute
1360,Hải Âu
1361,Paul R Niven
1362,Ben Lamorte
1363,Cửu Biên
1364,Vãn Tình
1365,Andro Donovan
1366,Hách Văn
1367,Anh Đại Tổng
1368,DaiGo
1369,Lục Vi
1370,Napoleon Hill
1371,Đại Tướng Quân Quách
1372,Trần Hưng Đạo
1373,David Epstein
1374,Bác sĩ Nguyễn Lan Hải
1375,Michael G Rogers
1376,Austin Kleon
1377,Dr Ryuta Kawashima
1378,Thầy Duy Ni
1379,Henri Bergson
1380,Nick Bostrom
1381,Albert Rutherford
1382,Eguchi Katsuhiko
1383,Quang Lân
1384,Dương Băng Dương
1385,Zig Ziglar
1386,Sharon L Lechter
1387,Greg Reid
1388,Sue Belton
1389,Michael Lewis
1390,Lê Quang
1391,Ian Fleming
1392,Ernie J Zelinski
1393,Trần Ngọc Châu
1394,OSHO
1395,Jim Randel
1396,The Wanderers
1397,Shimizu Ken
1398,Lý Tiểu Đường Quán
1399,Diệp Tu
1400,Vũ Chí Hồng
1401,Steven C.Hayes
1402,Spencer Smith
1403,Lư Tư Hạo
1404,Alyson Walsh
1405,Damon Zahariades
1406,Jennifer Ashton
1407,MS
1408,George K Simon
1409,Trần Luân Tín
1410,Robert Greene
1411,Deepa A Kumarand
1412,Ian Tuhovsky
1413,Matsuyama Jun
1414,Patrick Forsyth
1415,Ken Coleman
1416,Clive Whichelow
1417,Mike Haskins
1418,W Clement Stone
1419,Jo Hemmings
1420,Nguyễn Anh Dũng
1421,Trương Tiếu Hằng
1422,Kendra Adachi
1423,Ellen Fein
1424,Sherrie Schneider
1425,Giang Đinh
1426,Deborah K Heisz
1427,Dương Hy Văn
1428,Tony Wagner
1429,Lê Đỗ Quỳnh Hương
1430,Stephen M R Covey
1431,Greg Link
1432,Rebecca R Merrill
1433,Lý Kiệt
1434,Patrik Edblad
1435,Trúc Thy
1436,Khương Nguy
1437,Neil Patel
1438,Patrick Vlaskovits
1439,Jonas koffler
1440,Paul Marie Chavanne
1441,Oliver Truong
1442,Kyoyo Soken
1443,Ota Hajime
1444,Sharon Salzberg
1445,Dr Bernie S Siegel
1446,Rhonda Byrne
1447,Trần Tố Quyên
1448,Malcolm Gladwell
1449,Nhóm Spiderum
1450,Andrew Matthews
1451,Trang Nguyễn
1452,Lisette Sutherland
1453,K Janene
1454,Nelson
1455,Matt Haig
1456,Richard H Thaler
1457,Jack Canfield
1458,Mark Victor Hansen
1459,Jung Eun Yun
1460,Stella Cottrell
1461,Karen Haller
1462,Peter Warr
1463,Sean Covey
1464,Emilie Aries
1465,Masumi Tani
1466,Đậu Thị Quyên
1467,Edward Hoffman
1468,William C Compton
1469,Nguyễn Đình Cường
1470,Rob Walker
1471,Kim Wook
1472,Viktor E Frankl
1473,Hal Urban
1474,Kim Haenam
1475,Park Jongseok
1476,Kate Rose
1477,Thạch Diên Bác
1478,Patricia Bright
1479,David McRaney
1480,Émile Coué
1481,Hinohara Shigeaki
1482,Rebekah Lyons
1483,Tim Tamashiro
1484,Trương Nhược Lan
1485,Dr Sarah Berwer
1486,Ronnie Robinson
1487,Oliver Luke Delorie
1488,Justyn Barnes
1489,Hirotake Kusumoto
1490,George S Clason
1491,Marc
1492,Angel Chernoff
1493,Hoàng Thảo
1494,Hồ Thu Hương
1495,Cựu Đô Đốc Hải Quân Mỹ William H Mcraven
1496,Kim Dung
1497,Greg Dean
1498,Hiroshi Kamata
1499,Jeff Keller
1500,Courtney Carver
1501,Francesco Cirillo
1502,Shozo Shibuya
1503,Jack canfield
1504,Thương Tâm Bích
1505,Kiên Trần
1506,Philippe Ngo
1507,Phùng Lâm
1508,Phong Phương
1509,Trâm Anh
1510,Edward De Bono
1511,Paul McGee
1512,Cảnh Thiên
1513,Jon Acuff
1514,Trần Sĩ Cừ
1515,Sử Tú Hùng
1516,Noburu Koyama
1517,Leil Lowndes
1518,Khenpo Sodargye
1519,Tomàs Navarro
1520,William B Irvine
1521,Som Bathla
1522,Bruce Daisley
1523,Hoàng Thanh Hải
1524,Thomas C Foster
1525,La Huờng
1526,Phương Huyền
1527,Trúc Thiên
1528,Troy Amdahl
1529,Dave Braun
1530,Lâm Tiểu Bạch
1531,Naniel Goleman
1532,Hyenam Kim
1533,Huỳnh Ngọc Trước
1534,Lê Thanh Phong
1535,John C Maxwell
1536,Shane Snow
1537,James Bannerman
1538,Gill Hasson
1539,William T Brooks
1540,Ruth Soukup
1541,Kevin O'Leary
1542,PGS TS Nguyễn Thị Phương Hoa
1543,Ojt Solutions
1544,Dan Ariely
1545,Vãn Thu
1546,Nguyên Phong
1547,Anh Ba
1548,MARISSA ORR
1549,Henry L Roediger III
1550,Mark A McDaniel
1551,Peter C Brown
1552,Jason Fried
1553,David Heinemeier Hansson
1554,Xuân Nguyễn
1555,Richard H Thaler
1556,Vụ Mãn Lan Giang
1557,Jordan Ellenberg
1558,TS Nguyễn Hiệp
1559,TS Lê Thẩm Dương
1560,Abhijit V Banerjee
1561,Esther Duflo
1562,Đặng Thiên Sơn
1563,Trương Yến
1564,Nguyễn Minh Hải
1565,Seth Price  Barry Feldman
1566,Hòa Thổ
1567,Thẩm Linh
1568,Alpha Books
1569,Hiroyuki Ishii
1570,Nguyễn Tuấn Anh
1571,Jennifer L Scott
1572,Ngọc Linh
1573,Erin Niimi Longhurst
1574,Harriet Griffey
1575,Kỷ Giang Hồng
1576,Daisetsu Fujita
1577,Bành Phàm
1578,Vương Diễm Nga
1579,Steve Chandler
1580,Nguyễn Mười - Nguyễn Ngọc Hải
1581,Michael Hyatt
1582,Kent Healy
1583,Ian Morris
1584,Richard Paul
1585,Linda Elder
1586,Takashi Ishii
1587,Phan Văn Hồng Thắng
1588,Myreen Ramus Hoài Nam
1589,Yoo Tae Yong
1590,Yoshihito Wakamatsu
1591,Nguyễn Thành Nhân
1592,Nguyễn Hoàng Sơn
1593,Lương DŨng Nhân
1594,Đỗ Trung Hiếu
1595,Nguyễn Ngọc Lan Anh
1596,Corey Seemiller
1597,Meghan Grace
1598,Nhóm Ezpsychology
1599,Fac Canfield
1600,Stepphen R Covey
1601,Nghê Thế Hòa
1602,Don Norman
1603,Brian Tracy
1604,Christina Stein
1605,Ha Joon Chang
1606,S J Scott
1607,Barrie Davenport
1608,Francoize Boucher
1609,Dr Jason Selk
1610,Tom Bartow
1611,Rudy Mathew
1612,Shoukei Matsumoto
1613,Seigaku
1614,Yukimasa Kinjo
1615,Trịnh Minh Thảo
1616,Marci Shimoff
1617,Carol Kline
1618,Beth Evans
1619,Lưu Vĩ
1620,Jim Donovan
1621,Terri Levine
1622,Sue Hadfield
1623,Gill Hasson
1624,Raeleen D Agostino Mautner
1625,Judy Apps
1626,Cao Đức
1627,Nguyễn Mạnh Thảo
1628,Kate Schelter
1629,Mike Rohde
1630,Zoe Mckey
1631,Hiên
1632,Cindy Trần
1633,Jim Collins
1634,Morten T Hansen
1635,Dalai Lama
1636,Lý Thượng Long
1637,Nhã Nam tuyển chọn
1638,Lê Hà Lộc
1639,Nguyễn Chu Phác
1640,Kishimi Ichiro
1641,Koga Fumitake
1642,Christophe Andre
1643,Alexandre Jollien
1644,Matthieu Ricard
1645,Lê Trọng Đại
1646,Hư Trúc
1647,Nguyễn Hữu Tài
1648,Pat Hutchinson
1649,David Molden
1650,XIONG LI FAN
1651,Benjamin Loh
1652,Howard Yu
1653,WANG HUI
1654,Taguchi Tomotaka
1655,Jeanne Damas
1656,Lauren Bastide
1657,Jeff Goins
1658,Steve Harvey
1659,Denene Millner
1660,Ryunosuke Koike
1661,Clinton Kelly
1662,Arfeen Khan
1663,Ehara Hiroyuki
1664,Lý Văn Dũng
1665,Jen Sincero
1666,Jessie Funk
1667,Gordon Byron
1668,Chris Voss
1669,Tahl Raz
1670,Daniel Rutley
1671,Hae Min
1672,John D Spooner
1673,Oopsy
1674,Elizabeth O Dulemba
1675,Kelly McDonald
1676,Stuart Diamond
1677,Nguyễn Mai Đức
1678,Adyashanti
1679,Giản Tư Trung
1680,OOPSY
1681,Meta Wagner
1682,Todd Davis
1683,Gillian Butler Freda McManus
1684,Yuichiro Itakura
1685,Martha Whitmore Hickman
1686,Eitaro Kono
1687,Zoe McKey
1688,Vĩ Nhân
1689,Arlene Johnson
1690,Brendon Burchard
1691,Matsushita Konosuke
1692,Hải Hoa
1693,Xuân Nguyễn tuyển chọn
1694,Sean Lim
1695,Nguyễn An
1696,Khánh Linh
1697,CHIN-NING CHU
1698,Geshe Michael Roach
1699,Nguyễn Thị Ngọc Hải
1700,Mai Hiên
1701,Đình Phúc
1702,Ken Honda
1703,Laurence Caracalla
1704,Hương Nguyễn
1705,Mao Lộ
1706,Triệu Gia Hòa
1707,John O’Leary
1708,B. Alan Wallace
1709,Gary Chapman Jennifer Thomas
1710,Nhiều tác giả
1711,Les Hewitt
1712,Thi Anh Đào
1713,Michael A. Singer
1714,Charles Phillips
1715,Daniel Kahneman
1716,Tony Buổi Sáng
1717,Francesco Marciuliano
1718,Caroline Shreeve
1719,Michell Kusy
1720,Elizabeth Holloway
1721,Kevin De Young
1722,Tâm Phan
1723,TS. Phan Thanh Lâm
1724,Th.S. Nguyễn Tiến Dũng
1725,MA. Phan Nguyễn Đại Nghĩa
1726,Dr. Gareth Moore
1727,Richard Koch
1728,Đức Trí
1729,Đặng Quốc Bảo
1730,SuSyn Reeve
1731,Lý Thị Mai
1732,Khangser Rinpoche
1733,Joel Boggess
1734,Khúc Cẩm Uyên
1735,Đồng Xanh
1736,Nguyễn Vân Hà
1737,Kevin Cashman
1738,Robin Sharma
1739,Phạm Anh Tuấn
1740,First News tổng hợp
1741,Thu Giang Nguyễn Duy Cần
1742,Michael Heppell
1743,Jon Gordon
1744,The Book Worm
1745,Lại Thế Luyện
1746,Robert T. Kiyosaki
1747,Jack Canfield
1748,Mark Victor Hansen
1749,Jennifer Read Hawthorne
1750,Marci Shimoff.
1751,Xuân Lan
1752,Nhóm tác giả
1753,Dana Arnold
1754,Tiến Sĩ G Francis Xavier Nguyễn Thành Nhân
1755,Thích Thiện Đạo
1756,Thích Nữ Viên Thắng
1757,Richard N Bolles
1758,Ros Taylor
1759,Nguyễn Khánh Hà
1760,Trương Oánh
1761,Janine Driver
1762,Dương Tông
1763,Vinh Thắng
1764,Ngọc Trụ
1765,Hồ Văn Trung
1766,Melinda Gates
1767,Hal Urban
1768,Spencer Johnson
1769,Trương Manh
1770,Cao Minh
1771,Trần Thế Hương
1772,Lý Duy Văn
1773,Tiêu Xước
1774,Chử Cảng
1775,Instant Research Institude
1776,Ken Watanabe
1777,Greta Solomon
1778,Matthieu Ricard
1779,Emma Casey
1780,Fukuzawa Yukichi
1781,Michael Dam
1782,Corey Pein
1783,Kara King
1784,Bùi Thị Ngọc Thu
1785,Dịch Tiểu Uyển
1786,Jonathan Hancock
1787,Buster Benson
1788,Orangetoon
1789,Ưu Ưu Thử
1790,Chiki kikuchi
1791,Tuệ Giang
1792,Phương Linh
1793,Trà My
1794,Lạc Phàm
1795,Duy Trí
1796,Good Manners
1797,Rachel Buchholz
1798,Lalita Iyer
1799,Guido Van Genechten
1800,Quang Toàn
1801,Anh Thiên
1802,Trần Thọ Xương
1803,Hoàng Thúy
1804,Câu Lạc Bộ Trẻ Em
1805,Ella Schwartz
1806,Michiko Yoshida
1807,Taku Yamaguchi
1808,Bùi Tuấn Linh
1809,Mẹ Tee
1810,Mai Phương
1811,Lena Sjoberg
1812,Jeff Kinney
1813,Dương Lập Bằng
1814,Trần Hân
1815,Kim Namgil
1816,Chung Soyoung
1817,Oldřich Růžička
1818,Jan Klimeš
1819,JP Moon
1820,Anita Ganeri
1821,Gérard Moncomble
1822,Léa Fabre
1823,Younghee Seo
1824,J M Barrie
1825,Joanna Brundle
1826,Laura Gatie
1827,Emilie Dufresne
1828,Jonathan S.McClelland
1829,Jenny Jacoby
1830,Vicky Barker
1831,Bodo Schafer
1832,Pingbooks
1833,Kawachan
1834,Nguyễn Tấn Thanh Trúc
1835,Chính An
1836,Shoji Masako
1837,Hải Phạm
1838,Bảo Ngọc
1839,Thu Nấm
1840,Hoàng Đậu Xanh
1841,Maruyama Ayako
1842,Soumakou Hei
1843,Phùng Nga
1844,Quỳnh Mỡ
1845,Khánh Quỳnh
1846,Nhật Vũ
1847,Anna Claybourne
1848,Nathalie Bélineau
1849,Alexis Nesme
1850,Émilie Beaumont
1851,Minh Tuệ
1852,Mai Anh Đỗ
1853,A H Benjamin
1854,gill McLean
1855,Dubravka Kolanovic
1856,David Bedford
1857,Karen Sapp
1858,Graph Art
1859,THiện Lộc
1860,David Walliams
1861,Nguyễn Hạnh
1862,Trần Thị Thanh Nguyên
1863,Thanh Phương
1864,Tuấn Long
1865,Disney
1866,Thanh Ngọc
1867,Nguyên Hương
1868,Epic
1869,Phúc Hải
1870,Thanh Tâm
1871,Nguyên Thảo
1872,Yoshitake Shinsuke
1873,Hoàng Quỳnh
1874,Toshio Fukuda
1875,Akiko Fukuda
1876,Sao Bùi
1877,Trương Xuân Giới
1878,Amber Stewart
1879,Layn Marlow
1880,Ryan Wheatcroft
1881,Katie Wolley
1882,Betsy Parkinson
1883,Shane Clester
1884,Cha Hyun Jin
1885,Angie Hewitt
1886,Joy Berry
1887,Colin Stuart
1888,Annika Brandon
1889,Wakiko Sato
1890,Vu Dương
1891,Tô Hoài
1892,Sam Taplin
1893,Annalisa Sanmartino
1894,Giulia Torelli
1895,Wesley Robins
1896,Peter Holeinone
1897,Piero Cattaneo
1898,Ruth Owen
1899,Takuo Hoshina
1900,Bích Ngọc
1901,Catherine Ingram
1902,Agnès Decourchelle
1903,Mélanie Watt
1904,Martin Jenkins
1905,Richard Jones
1906,Yên Bình
1907,Cloud Pillow
1908,George Roddam
1909,Sława Harasymowicz
1910,Akiyo Kimi
1911,Trung Tâm Giáo Dục Nhi Đồng Dino Little Q
1912,The Candy
1913,Mã Thúy La
1914,Mạch Hiểu Phàm
1915,Lợi Ỷ Ân
1916,Paulette Bourgeois
1917,Bayard Việt Nam
1918,Michael Hill
1919,Sharon Cooper
1920,Jules Verne
1921,Alison Kelly
1922,Jane Bingham
1923,Adam Stower
1924,Reberacca Weerasekera
1925,Trang Bông
1926,Thiên Thanh
1927,Phan Anh Lệ
1928,Park Cho Rong
1929,Kim Hyo Eun
1930,Đinh Duyệt Nhiên
1931,Thảo Thảo
1932,Liz Climo
1933,James Mayhew
1934,Kunizaki Nobue
1935,Masayuki Sebe
1936,Ngọc Anh
1937,Quỳnh Lê
1938,Don Freeman
1939,Bi Shumin
1940,Jess French
1941,Vũ Nam
1942,Jennifer Moore
1943,Mallinos
1944,Gustavo Mazali
1945,Phái Đường
1946,B R O group
1947,Emily Bone
1948,Abigail Wheatley
1949,Hirotaka Nakagawa
1950,Jun Ichihara
1951,Kangaroo Mother
1952,Lam Sơn
1953,NXB Evan Moor
1954,Matt Turner
1955,Santiago Calle
1956,Minh thư
1957,Park In Soo
1958,Thomas Bulfinch
1959,Lee Kwangjin
1960,Seo Young
1961,Kazuhiko Toyota
1962,Thủy Nguyên
1963,Tạ Lạc Quân
1964,Zhishang Mofang
1965,Tâm Hằng
1966,Thanh Nga
1967,Băng Ba
1968,David Stabler Anoosha Syed
1969,Jordi Busquets
1970,Trudi Trueit
1971,Minh Long
1972,Thùy Cốm
1973,Hans Christian Andersen
1974,Thiên ân
1975,21st Century
1976,Thiện Minh
1977,Thùy Vũ
1978,Jacob Grimm
1979,Wilhelm Grimm
1980,Bắc Hà kids
1981,Dương Linh
1982,Bill Slavin
1983,Jacqueline Harris
1984,Clare Johnson
1985,Eric Liao
1986,Trịnh Xuân Thuận
1987,Linh Chi
1988,Quỳnh Rùa
1989,R L Stine
1990,Cécile Jugla
1991,Jack Guichard
1992,Mạc Thủy
1993,Benjamin Bécue
1994,Hélène Convert
1995,Emmanuel Ristord
1996,Clive Gifford
1997,Kate Mclelland
1998,Tiến Sĩ  Lucy Spelman
1999,Caroline Stamps
2000,Ken Wakayama
2001,Hisashi Mori
2002,Yoshiomi Wada
2003,Đức Bốn
2004,Kỳ Duyên
2005,Russell Punter
2006,Fabiano Fiorin
2007,Maryann Cocca Leffle
2008,Kim Seong Eun
2009,Ahn Eun Jin
2010,Libby Walden
2011,Stephanie Fizer Coleman
2012,Trương Thái
2013,Thùy Dương
2014,Giang Anh
2015,Mattel
2016,Manmeet Narang
2017,Lee Won Kyung
2018,Hyun Seo Jin
2019,Lê Thu Hiền
2020,Min Jin Lee
2021,Wan Jin Kim
2022,Núria
2023,Empar Jiménez Rosa M Curto
2024,Billie Huban
2025,Nguyễn Đình Thảo
2026,Aurore Meyer
2027,LAROUSSE
2028,Rosie Smith
2029,Bruce Whatley
2030,Nguyễn Văn Khỏa
2031,Lewis Carroll
2032,Karma Wilson
2033,Jane Chapman
2034,Jonathan Litton
2035,Magalí Mansilla
2036,Martin Sodomka
2037,Đông Mai
2038,Mai Vũ
2039,Julien Sandrel
2040,Dương Phong
2041,Nguyễn Thái Hùng
2042,Laura Duksta
2043,Keren Keesler
2044,Melissa Iwai
2045,Gomi Taro
2046,James Matthew Barrie
2047,Quỳnh Anh
2048,Cindy Blobaum
2049,Tạ Thúc Bình
2050,Hồng Hà
2051,Mai Long
2052,Lương Ngân
2053,Hồng Lam
2054,Volker Prakelt
2055,Frederic Bertrand
2056,Vân Anh
2057,Thanh Trúc
2058,Nguyễn Ngọc Ký
2059,Marcel Marlier
2060,Gilbert Delahaye
2061,Dolphin Press
2062,Iris Gottlieb
2063,Gia Long
2064,Triệu Phương Phương
2065,Ấu Tử Văn Hóa
2066,Hương Bình
2067,Hải Yến
2068,Đậu Quyên
2069,Isabelle Fougere
2070,Yunan
2071,Phùng Duy Tùng
2072,Thao Nguyen
2073,Kishiro Hata
2074,Astrid Desbordes
2075,Pauline Martin
2076,Mo Willems
2077,Frances Hodgson Burnett
2078,Dương Kim Tú
2079,Hương Tiêu Hầu
2080,Bang Mi Jin
2081,Kim Eon Hee
2082,Vân Trang
2083,Minna Lacey
2084,Rachel Stubbs
2085,John Russell
2086,Jean Reagan
2087,Lee Wildish
2088,Phương Thúy
2089,Kim Duẩn
2090,Ovide
2091,TS Nguyễn Hữu Long
2092,Tiếu Giang Nam
2093,Nguyên Trường
2094,Rob Colson
2095,Jujja Wieslander
2096,Sven Nordqvist
2097,Fuku Mitsu
2098,Nguyễn Mạnh Thái
2099,Misaki Kirimaru
2100,Arthur Conan Doyle
2101,Pavla Hanáčková
2102,Phạm Tuyết Hường
2103,Nguyễn Nhật Ánh
2104,Nguyễn Văn Tùng
2105,Viện Nghiên Cứu Giáo Dục Và Phát Triển Trí Tuệ Trẻ
2106,Mijia
2107,Garry Fleming
2108,Kim San San
2109,Chung Vực
2110,Minh Anh
2111,Ngọc Phương
2112,Satoru Onishi
2113,Văn Sỹ
2114,Hoàng Hữu
2115,Hong Ye Ji
2116,Studio Hoàng Minh Khoa
2117,Phạm Thùy Như
2118,Choi Hyung Mi
2119,Kim Ji Hyun
2120,Park Hye Sook
2121,Yoon Hee Dong
2122,Dương Hà Ngân
2123,Minh họa Minh Tâm
2124,Nguyễn Thị Vi Khanh
2125,Đinh Huỳnh
2126,Aleix Cabrera
2127,Huệ An
2128,Suzannel I Barchers
2129,Tin Man Arts
2130,Fiona Watt
2131,Josephine Thompson
2132,Caroline Day
2133,Trần Trường Minh
2134,Sha Ding Mao
2135,Mạnh Linh
2136,Đức Huy
2137,Võ Quảng
2138,Văn Tâm
2139,Pitiporn Vatatiyarporn
2140,Trần Linh Linh
2141,Văn Ngạn
2142,Trần Linh Chi
2143,Oải Chỉ
2144,Xuân Hà
2145,Moon
2146,Zincolor
2147,James M Barrie
2148,Liesbet Slegers
2149,Gunilla Wolde
2150,Catherine D Hughes
2151,Lục Mạnh Cường
2152,Giles Andreae
2153,Emma Dodd
2154,Vanessa Cabban
2155,Kasia Dudziuck
2156,Team kids
2157,Lee Heejung
2158,Kerren Barbas Steckler
2159,Nguyễn Thị Thanh Huệ
2160,Trương Phi Phi
2161,Đồng Tâm
2162,Hải Nam
2163,Tamara Bach
2164,Michael Sieben
2165,V Vajiramedhi
2166,Stefania Leonardi Hartley
2167,Patrick George
2168,Nguyên Khôi
2169,OM Books
2170,Amy Shields
2171,Phạm Ngọc Tuấn
2172,Vân Phàm
2173,Vũ Khai Liên
2174,Intimate Sister
2175,Thiên Kiều
2176,Buttercup
2177,Tôn Tĩnh
2178,Phương Linh
2179,Phạm Ngọc Tân
2180,Ông lão đánh cá
2181,Thục Linh
2182,Tạ Huy Long
2183,An Cương
2184,Gấu Gật
2185,Trần đăng Khoa
2186,Andersen
2187,Yoko IMOTO
2188,Hà Giang
2189,Nguyễn Công Hoan
2190,Kim Yeong Ja
2191,Seo Sang Ran
2192,Jeon In Suk
2193,Kyowon
2194,Nguyễn Văn Ngọc
2195,Trần Trọng Kim
2196,Đặng Đình Phúc
2197,Đỗ Thận
2198,Jack London
2199,Nick Seluk
2200,Nhóm Tác Giả Runkids
2201,Xact Studio International
2202,Woye Books
2203,Edmondo De Amicis
2204,Matthew Rake
2205,Ken Spillman
2206,Hoài Nam
2207,Nguyễn Hào
2208,Hà Linh Minh
2209,Sara Albion
2210,Colleen Oakley
2211,Jamie Smith
2212,Kelly Doudna
2213,Gary
2214,Shelly Underwood
2215,Drew Daywalt
2216,Oliver Jeffers
2217,Đăng khôi
2218,Antoine de Saint
2219,Exupéry
2220,TS Nguyễn Thụy Anh
2221,Minh Đức minh họa
2222,Biên Thùy
2223,Daniel Defoe
2224,Wang Xiaoxiao
2225,Hoàng Hoành
2226,Kẹo Bông
2227,Lan Phương
2228,Han Kiên
2229,Katie Hewett
2230,Tracie Young
2231,Richard Byrne
2232,Tin Man
2233,Lê Phương
2234,Hoài Thu
2235,Timo Parvela
2236,Zelda Zonk
2237,Phan Việt Lâm
2238,Trần Thu Hương
2239,Elka Ray
2240,Ba Tiểu Bạch
2241,Trần Tùng Chinh
2242,Khánh Hà
2243,Alexis Konate
2244,Megan Stine
2245,Tim Foley
2246,Barbro Lindgren
2247,Eva Eriksson
2248,Tinman Arts
2249,Ngụy Nhã Đình
2250,Tản Đà Nguyễn Khắc Hiếu
2251,Đào Trinh Nhất
2252,Phan Văn Hùm
2253,Võ Diệu Thanh
2254,Châu Hải Đường
2255,Mai Đăng Đệ
2256,Robert Kurson
2257,Marvel
2258,Nhượng Tống
2259,Linda Sue Park
2260,Tạ Chí Đại Trường
2261,Michael Gates Gill
2262,Nguyễn Tường Thiết
2263,Steven Levy
2264,Alice Schroeder
2265,Zlatan Ibrahimovic - David Lagercrantz _ Trần Minh
2266,Maya Angelou
2267,Charlie Wetzel
2268,Staphanie Wetzel
2269,Jean Claude Pomonti
2270,Vũ Diệu Thúy
2271,Jaeyong Song
2272,Kyungmook Lee
2273,Jordan Belfort
2274,Francis Fukuyama
2275,Leopold Cadiere
2276,Nick Vujicic
2277,Lê Thái Dũng
2278,Trịnh Lữ
2279,Maye Musk
2280,Elton John
2281,Hamish McKenzie
2282,Bryan Burrough
2283,John Helyar
2284,Ken Langone
2285,Paul Kalanithi
2286,Laure Caroline Semmer
2287,Đào Hải Ninh
2288,William A Degregorio
2289,Ian D Gow
2290,Stuart Kells
2291,Nicky Khánh Ngọc
2292,Gerard Denizeau
2293,Lê Xuân Khoa
2294,Xuân Chi
2295,Thanh Huyền
2296,Trần Thanh Cảnh
2297,Joshua Foer
2298,Tô Chiêm
2299,Phương Thảo
2300,Ron Chernow
2301,Walter Isaacson
2302,Đỗ Hoàng Linh
2303,Lê Quýnh
2304,Gustave Le Bon
2305,Meb Keflezighi
2306,Scott Douglas
2307,Shibusawa Eiichi
2308,Jane Hawking
2309,Hạnh Nguyễn
2310,Lệ Thu
2311,Nghiêm Hương
2312,BBC
2313,Song Thành
2314,Nguyễn Phan Quang
2315,Lorena A Hickok
2316,Câu Lạc Bộ Truyền Thống Thành Đoàn
2317,NGO THANH VAN
2318,Son Nam Won
2319,Trần Hồng
2320,Nishi Katsuzo
2321,Bertrand Tessier
2322,Lauren Fern Watt
2323,R. G. Grant
2324,Nguyễn Thụy Kha
2325,Niccolò Machiavelli
2326,Nguyễn Vũ Phước
2327,Son Heung Min
2328,Lee Jeeheng
2329,Hanyu Yuzuru
2330,Martin Luther King
2331,Jr
2332,Matthew Polly
2333,Doan
2334,Đinh Hiệp
2335,Đặng Hoàng
2336,Peter Jenson
2337,Sid Love
2338,Porter Erisman
2339,Nguyễn Văn Trung
2340,Đoàn Trang
2341,Vương Hồng Sển
2342,Philip Norman
2343,Emmi Hoàng
2344,Bill McDermott
2345,Joanne Gordon
2346,John Cross
2347,Kari Hotakainen
2348,Charles P Kindleberger
2349,Robert Z Aliber
2350,Jimmy Burns
2351,Bandy X Lee
2352,John C Schafer
2353,Elizabeth Lunday
2354,Lý Dịch Phong
2355,Lê Minh Quốc
2356,Nguyễn Thị Thanh Lưu
2357,Tyler Oakley
2358,Phương Thu Thủy
2359,Dick Patrick
2360,Nguyễn Công Lý
2361,Lý Quang Diệu
2362,Luca Caiolo
2363,Cyril Collot
2364,Hoàng Thị Diệu Thuần
2365,Nuage Rose
2366,Fukuzawa Yukich
2367,Sungbong Choi
2368,Phạm Văn Thiều
2369,Nguyễn Ánh Tuyết
2370,Lê Trần Đắc Ngọc
2371,Quỳnh Anh Shin
2372,Miles J Unger
2373,PichiUchi
2374,Kang Daniel VietNam Fans
2375,Raphael Honigstein
2376,Phạm Văn Đồng
2377,Shimon Peres
2378,Katherine Halligan
2379,Vovan
2380,Lexus
2381,Isabelle Rivère
2382,Caroline Barbert
2383,Nguyễn Kiên
2384,Chu Mặc
2385,Christophe Loviny
2386,Stefan Kornelius
2387,Nguyên Hồng
2388,Yo Le
2389,Gwyneth Montenegro
2390,Kaiwen Leong
2391,Dương Minh HàoVũ Thị My Trần Văn Thắng Dương Thùy 
2392,Trương Thị Hồng Tâm
2393,Đinh Thu Hiền
2394,Jawaharlal Nehru
2395,Trần Văn Khê
2396,Nguyễn Hữu Đảng
2397,Thích Hạnh Nguyện
2398,Sơn Nam
2399,Stephen Hawking
2400,Richard Rhodes
2401,Svetlana Alexievich
2402,Bob Batchelor
2403,Michael Carrick
2404,Nguyễn Lê
2405,Nguyễn Đông Thức
2406,Mã Thiện Đồng
2407,Rebecca Skloot
2408,Trần Quốc Quân
2409,Y Ban
2410,Cộng sự
2411,Lâm Chí Dĩnh
2412,Celia Nguyễn
2413,Phan Thu
2414,David Hagan
2415,Adam Kay
2416,Gulliem Balague
2417,Trang Cho
2418,Ji Won Park
2419,Rainer Zitelmann
2420,Frank Lampard
2421,IAN McGarry
2422,Adrian Besley
2423,Stephanie Land
2424,Sam Kean
2425,Antony Wild
2426,Nguyễn Như Mai
2427,Nguyễn Quốc Tín
2428,Nguyễn Huy Thắng
2429,Claude Gendre
2430,Trần Trọng Dương
2431,Laurence Bergreen
2432,Nguyễn Thị Sơn
2433,Anthony B. Chan
2434,Janice
2435,Tay Ronald Kow
2436,Nguyễn Phan Nam An
2437,Yudin Nguyễn Bích Trâm
2438,Maud Guillaumin
2439,Scott Kelly
2440,Henry Ford
2441,Samuel Crowther
2442,Lê Thị Thanh Tâm
2443,Andrew Roberts
2444,Nina Riggs
2445,William Kamkwamba
2446,Bryan Mealer
2447,Diane von Furstenberg
2448,Lục Tiểu Linh Đồng
2449,Johan Cruyff
2450,Walter Isaccson
2451,Lavi
2452,Trần Mai Anh
2453,Khanh Record
2454,Ngọa Lan
2455,Nguyễn Xuân Lương
2456,Lương Hoàng Anh
2457,Edward Snowden
2458,Nia Maerani
2459,Adharanad Finn
2460,Nguyễn Thanh Nhã
2461,Bob Woodward
2462,Louis Eugène Louvet
2463,Trần Hòang Vũ
2464,Michael Wolff
2465,David Mccullough
2466,Tony Hsieh
2467,Ekaterina Walter
2468,Donald J.Trump & Meredith Mclver
2469,Lâm Khánh Chi
2470,Wayne Barrett
2471,Jeffereye.Garten
2472,Võ Nguyên Giáp
2473,Phạm Công Luận
2474,Alex Ferguson
2475,Jason Michael Gibbs
2476,Bertrand Meyer - Stabley
2477,Joseph J Ellis
2478,Lý Tường
2479,Vương Lợi Phân
2480,Nguyễn Thế Vinh
2481,Park Hee A
2482,Vincent Pugliese
2483,Richard Branson
2484,Caramellatte
2485,Mochiiatoo
2486,Trương Kiên Quốc
2487,Hình Quảng Trình
2488,Justin Trudeau
2489,Macxim Gorki
2490,Luca Caioli
2491,George W. Bush
2492,Anne Dauphine Julliand
2493,Nguyễn Thị Tươi
2494,Nguyễn Huy Thắng
2495,Bảo Tàng Hồ Chí Minh
2496,Nguyễn Ngọc Tiến
2497,Hội nhà văn Thành phố Hồ Chí Minh
2498,Quốc Bảo
2499,Nguyễn Khắc Đức
2500,Dung Keil
2501,Nguyễn Hữu Thái Hòa
2502,Huệ Ninh
2503,Phạm Sanh Châu.
2504,Kim Anh
2505,Marjorie Randon Hershey
2506,Murray Stein
2507,Steve Buser
2508,Leonard Cruz
2509,Blackpinkblinkindo
2510,Nguyễn Đắc Xuân
2511,Rex Ogle
2512,James R Doty
2513,Lewis Lockwood
2514,Harry Harris
2515,Tim Ryan
2516,Vante
2517,Giáo sư Tiến sĩ Đặng Lương Mô
2518,Hoàng Đức
2519,Đặng Thuỳ Trâm
2520,Klaus Schwab
2521,Nguyễn Long Trảo
2522,David Cay Johnston
2523,Joshua Robinson
2524,Jonathan Clegg
2525,Élisabeth du Closel
2526,Lê Thẩm Dương
2527,Cormac O'Brien
2528,Isabelle Müller
2529,Maria Sharapove
2530,Phan Thị Mỹ Khanh
2531,Lưu Tử Khiết
2532,Đức Lân
2533,Emily Voigt
2534,Đức Phúc
2535,Đào Trung Uyên
2536,Võ Thu Hương
2537,Annette Herfkens
2538,Daniel J Boorstin
2539,Kim Dong Hwan
2540,Michael Schulman
2541,Lý Nhân Phan Thứ Lang
2542,Donald J. Trump
2543,Meredith Mclver
2544,Võ Vinh Quang
2545,Chanel Miller
2546,Patrick Fort
2547,Jean Philippe
2548,Phil Knight
2549,Chin Kah Chong
2550,Tư Mã Thiên
2551,Minh Chiến
2552,Phan Nguyễn
2553,Will Durant
2554,Anne Frank
2555,Tạ Minh Tuấn
2556,Miguel Cuesta
2557,Jonathan Sanchex
2558,Tom Plate
2559,Bùi Thu Thủy
2560,Mitchell Stephens
2561,Maynard Solomon
2562,Kim Young Dae
2563,E M Standing
2564,Nguyễn Cảnh thị
2565,Tư Mã Quang
2566,Hùng Cửu Long
2567,Trần Kinh Chi
2568,Lý Vĩnh Linh
2569,Nguyễn Thị Kim Anh
2570,Tô Chính Nghĩa
2571,Robert Beasley
2572,Ái Vân
2573,Yoshio Nabeta
2574,Trần Ngọc Trác
2575,Đoàn Hy Minh
2576,Larry Sloman
2577,Larry Berman
2578,Gu Ja Hyoung
2579,Yuki
2580,Nina Rigg
2581,Shifra Lushka
2582,F Scott Fitzgerald
2583,Wilfred Burchett
2584,Lê Thị Phương Nga
2585,Emmanuel Macron
2586,Malala Yousafzai
2587,Patricia McCormick
2588,S Jayakumar
2589,Phạm Phương Thảo
2590,Phạm Phú Thái
2591,Helen Keller
2592,Thích Hoằng Đạt
2593,Bác sĩ Hocquard
2594,Thích Thiên Ân
2595,Diane von Furstenberg
2596,Clyde Prestowitz
2597,Lê Công Vinh
2598,Bùi Dương Lịch
2599,Đàm Linh
2600,Bích Phương
2601,Andrew Carnegie
2602,Benjamin Franklin
2603,Paul Auster
2604,Paul Doumer
2605,Yuval Noah Harari
2606,Hellen Dukas
2607,Banesh Hoffmann
2608,Đào Chi Anh
2609,Michael Part
2610,Hubert Seipel
2611,Hồ Bất Khuất
2612,Denis Mukwege Berthild Akerlund
2613,Isak Dinesen
2614,Võ Anh Tuấn
2615,Leonid Mlechin
2616,Maksim Gorky
2617,Lý Ước Nhiệt
2618,Trần Văn Giàu
2619,James Wallace
2620,Jim Erickson
2621,Irene Ohler
2622,Đỗ Thùy Dương
2623,Đỗ Phương Thảo
2624,Michael Cox
2625,Chảo Yến
2626,Joseph O Neill
2627,Nguyễn Khắc Phê
2628,SOOSOO
2629,Trần Vỹ
2630,Hòa Bình
2631,Cỏ
2632,C Wright Mills
2633,Hà Chương
2634,Bào Tàng Phụ Nữ Nam Bộ
2635,Michael D'Antonio
2636,Newt Gingrich
2637,Guillem Balague
2638,Malcolm Croft
2639,Thương Mỗ
2640,Lê Duyên Hải
2641,Huỳnh Dũng Nhân
2642,Anthony Bourdain
2643,David Cay Johnston
2644,Wanna Union INA
2645,Kim Sung Chul
2646,Akdong Musician
2647,Chu Việt Nga
2648,Minh Đức Hoài Trinh
2649,Linh Bảo
2650,Băng Thanh
2651,Huỳnh Ngọc Trảng
2652,Trương Ngọc Tường
2653,E H Gombrich
2654,AMIE PARNES
2655,Huỳnh Thúc Kháng
2656,BBT tuyển chọn
2657,Luật sư Ngô Ngọc Trai
2658,Nguyễn Bích Lan
2659,Lư Nhất Vũ
2660,Nikola Tesla
2661,Nhạc Sĩ Trần Tiến
2662,Valentina Camerini
2663,Lý Thành Phương
2664,Trương Tuyến Càn
2665,Trịnh Công Sơn
2666,Robert Beasley
2667,David Brown
2668,Kassandra Bentley
2669,Miguel Cuesta
2670,Daniel Storey
2671,Phạm Như thơm
2672,Xuân Quỳnh
2673,Tanaka Marco
2674,Matsui Yukoh
2675,Carlo Zen
2676,Kulzsc
2677,Tony Ross
2678,Park Hyun Wook
2679,Tần Minh
2680,William Lê
2681,Maxence Van der Meersch
2682,Song Sok Ze
2683,Ngọc Giao
2684,Kyogoku Natsuhiko
2685,Janusz L Wisniewski
2686,Yukiya Hakamoto
2687,Souji Hanawatari
2688,Kasai
2689,ASATO ASATO
2690,SHIRABII
2691,Ken Preston
2692,Val Emmich
2693,Steven Levenson
2694,Benj Pasek
2695,Justin Paul
2696,Kim Ryeo Ryeong
2697,Nguyễn Duy
2698,Khốn Ỷ Nguy Lâu
2699,Grégoire Delacourt
2700,Đoàn Ánh Dương
2701,Nguyễn Minh Huệ
2702,Vũ Thị Thanh Loan
2703,Đào Thị Hải Thanh
2704,Hồ Điệp Lam
2705,Lam Bạch Sắc
2706,Trần Tiệm
2707,Đông Nguyên
2708,Maggie Gee
2709,EDMONDO DE AMICIS
2710,Chước Dạ
2711,Friedrich Nietzsche
2712,Bùi Chí Vinh
2713,Charles Dickens
2714,Yevgeny Zamyatin
2715,Jung Hee Jae
2716,Mick Finlay
2717,Tanizaki Junichiro
2718,Nam Lang
2719,Hoàng Công Danh
2720,Matthew Fitzsimmons
2721,Nguyễn Ngọc Thuần
2722,Ngoa
2723,Dịch Tu La
2724,Mizue Tani
2725,Nguyệt Lưu Quang
2726,Quẫn Quẫn Hữu Yêu
2727,Sano Tetsuya
2728,Hector Malot
2729,Kenji Inoue
2730,Thư Nghi
2731,Saki Murayama
2732,Stephen King
2733,Quất Tử Thần
2734,Vũ Bằng
2735,Đàm Hà Phú
2736,Doo Vandenis
2737,Ha Jin
2738,Trúc Thiên
2739,Nguyễn Thế Kỷ
2740,Triệu Chí Minh
2741,Haruki Murakami
2742,Nguyễn Mai Chi
2743,Colleen Coble
2744,Ngô Thừa Ân
2745,Nguyệt Hạ Tang
2746,Cù Thu Hương
2747,Thảo Thảo
2748,Ngô Tất Tố
2749,Shunji Iwai
2750,Hitoshi One
2751,Wataru WATARI
2752,SHINKAI MAKOTO
2753,Yasushi Inoue
2754,Nhược Lạc
2755,Nguyễn Thị Hoàng
2756,Tappei Nagatsuki
2757,Higashino Keigo
2758,Kelly Barnhill
2759,Anh Thư
2760,Nguyễn Bá Trung
2761,Nguyễn Bá Khiêm
2762,Trần Bảo Định
2763,Mèo Mốc
2764,Sakon Kaidou
2765,Nguyễn Hưng
2766,Phát Dương
2767,Jin FUKAZAWA
2768,José Mauro de Vasconcelos
2769,Yokomizo Seishi
2770,Megan Abbott
2771,Oda Shiori
2772,Nguyễn Huy Thiệp
2773,Samuel Beckett
2774,Diệp Tử
2775,Bản Lật Tử
2776,Karel Capek
2777,Koyoharu Gotouge
2778,Aya Yajima
2779,Yasushi DATE
2780,Sênh Ly
2781,Shirakome Ryo
2782,Yumemakura Baku
2783,Phan
2784,Fujino Omori
2785,Suzuhito Yasuda
2786,Mai Mochizuki
2787,Emily Bronte
2788,Mặc Hương Đồng Khứu
2789,Khotudien
2790,Chu Văn Tuệ
2791,Phạm Thanh Khương
2792,Henry James
2793,Ha Hyun
2794,Lạc Vi Gian Mỗ Mỗ
2795,Jougi Shiraishi
2796,Heather Morris
2797,Mikage Eiji
2798,Hajime KAMOSHIDA
2799,Keji MIZOGUCHI
2800,Hàn Xuyên Tử
2801,Johnathan Swift
2802,Patrick Modiano
2803,Stephanie Meyer
2804,Lê Tú Lệ
2805,Eugene Sue
2806,Thục Linh
2807,Nguyễn Ngọc Tư
2808,Jessica Jung
2809,Ha Woon Lim
2810,Triệu Diệp
2811,Richard Powers
2812,Fumiyo Kono
2813,Maita Yohei
2814,Raxu
2815,Hano
2816,Võ Hồng Thu
2817,Liêu Hà Trinh
2818,Yusuke Kishi
2819,Donato Carrisi
2820,Bùi Đức Ánh
2821,Miu Kakiya
2822,Minato Kanae
2823,Karen Kingsbury
2824,Valentine Vũ
2825,Nikolai Alekseyevich Ostrovsky
2826,REKI KAWAHARA
2827,Nikolai A Ostrovsky
2828,Vũ Khắc Tĩnh
2829,Kim Jiyoung
2830,Henryk Sienkiewicz
2831,Hồ Biều Chánh
2832,Nguyễn Hải Yến
2833,Madeline Miller
2834,Takeshi Matsuyama
2835,Paseri
2836,Nina George
2837,Abiko Takemaru
2838,Cốc Hựu Tử
2839,Jessica Townsend
2840,Elena Pucillo Truong
2841,La Quán Trung
2842,Kim Hye Jin
2843,Bùi Quang Thắng
2844,Đặng Tố Nga
2845,Nguyễn Khải
2846,Lại Nguyên Ân
2847,Nhĩ Nhã
2848,Leigh Bardugo
2849,Jean Jacques Rousseau
2850,Đức Anh
2851,Tào Đình
2852,Azumi Kei
2853,Mark Twain
2854,Lee Hee Young
2855,Maiko Seo
2856,Andrea Hirata
2857,Lương Sỹ Cầm
2858,Crusher P
2859,Akira
2860,Oguchi
2861,E L James
2862,K A Applegate
2863,Yuji Yuji
2864,Milan Kundera
2865,Jane Harper
2866,Mikumo Gakuto
2867,Hoài Thanh
2868,Hoài Chân
2869,Ở Đây Zui Nè
2870,Phạm Hải Đăng
2871,Hồ Chí Minh
2872,Triệu Xuân
2873,Angie Chau
2874,Nguyễn Văn Học
2875,An Chi
2876,Miura Shion
2877,Cửu Lộ Phi Hương
2878,Ivan Klíma
2879,Milena Michiko Flasar
2880,Shinkai Makoto
2881,Kanoh Arata
2882,Melinda Leigh
2883,Cố Tây Tước
2884,Natsuki Amasawa
2885,J C Cervantes
2886,Cynthia Hand
2887,Lâm Lục Woodsgreen
2888,Đinh Mặc
2889,Quách Kính Minh
2890,Trần Kim Đoàn
2891,Irving Stone
2892,Anna Sewell
2893,Pascale Perrier
2894,Jeffrey Archer
2895,Sim Yun Kyung
2896,Lisa Wingate
2897,Blake Crouch
2898,James Kruess
2899,Mạt Na Đại Thúc
2900,Takemiya Yuyuko
2901,Du Phong
2902,Minh Mẫn
2903,Kazukiyo Imura
2904,Jodi Picoult
2905,Ninh Hàng Nhất
2906,Kiya
2907,Nguyễn Quang Thiều
2908,Hiro Arikawa
2909,Rui Kodemari
2910,John Dickson Carr
2911,Trần Huyền Trang
2912,Kim Ae Ran
2913,Lindsey Becker
2914,Nguyễn Hữu Liêm
2915,Trần Duy Trung
2916,Trà Đóa
2917,Charlotte Bronte
2918,Boris Pasternak
2919,Khuyết Danh
2920,Sharon Bolton
2921,Koushun Takami
2922,Rupi kaur
2923,B A Paris
2924,Kazuo Ishiguro
2925,Ngô Nhâm Thần
2926,Lưu Khánh Bang
2927,Thanh Tịnh
2928,Nguyễn Ngọc Linh
2929,Josh Malerman
2930,Diệp Lạc Vô Tâm
2931,Morimi Tomihiko
2932,Izumi Kurosawa
2933,George R R Martin
2934,Masanobu Takashina
2935,Ryoji Arai
2936,Phan An
2937,Koroku Inumura
2938,Giản Tư Hải
2939,Rac Carson
2940,Phạm Văn Tình
2941,Agatha Christie
2942,Patrick Deville
2943,Hermann Hesse
2944,Á Hải
2945,Hỉ Hỉ Quả
2946,Naela Ali
2947,Jinie Lynk
2948,Nhiên Phượng
2949,Karin Slaughter
2950,Natsuki Mamiya
2951,Shinkai Makoto
2952,Hazel Dixon
2953,Pierre Bayard
2954,Nguyễn Đề Tuyển
2955,Kanoh Arata
2956,Phương Ny
2957,Nguyễn Bình Phương
2958,Nomura Mizuki
2959,Trương Tửu
2960,Isuna Hasekura
2961,Lucy Maud Montgomery
2962,Catharina Ingelman Sundberg
2963,Gillian Flynn
2964,Émile Gaboriau
2965,Kanekiru Kogitsune
2966,Cornell Woolrich
2967,H G Wells
2968,Khúc Cẩm Huyên
2969,Toma Nguyễn
2970,Thùy Chi
2971,Alexandre Dumas
2972,Iain S Thomas
2973,Trương Hạo Thần
2974,Tadashi Ohta
2975,Nhóm Lovedia
2976,Vũ Trọng Phụng
2977,Cửu Nguyệt Hi
2978,Trần Hoàng Trâm
2979,Keiichi Sigsawa
2980,Kouhaku Kuroboshi
2981,Michael Hjorth
2982,Hans Rosenfeldt
2983,Phạm Cao Củng
2984,Đỗ Phấn
2985,Septiny
2986,Chi Li Anh Chước
2987,Tào Đình
2988,Lê Hoàng San
2989,Margaret Mitchell
2990,MaMa
2991,Margaret Atwood
2992,Thất Bảo Tô
2993,Vương Hiểu Lỗi
2994,Cửu Bả Đao
2995,Lisa Genova
2996,Đặng Hoài
2997,Miaki Sugaru
2998,John Steinbeck
2999,Camilla Lackberg
3000,Trần Thị Cúc Phương
3001,Jenny Han
3002,Dory Mitani Mỹ Tiên
3003,Kate Atkinson
3004,Harriet Beecher Stowe
3005,Nguyễn Thị Minh Thái
3006,Sir Arthur Conan Doyle
3007,Hwang Jungeun
3008,Diana Wynne Jones
3009,Endo Shusaku
3010,Lucy
3011,Stephen Hawking
3012,Tống Ngọc Hân
3013,David Grossman
3014,Yasutaka Tsutsui
3015,Trần Nguyễn Huyền Trâm
3016,Takafumi Nanatsuki
3017,Jim Benton
3018,KAMACHI KAZUMA
3019,Mai Hương
3020,Chí Thành
3021,Nguyễn Đình Tú
3022,Vũ Lập Nhật
3023,Pittacus Lore
3024,Ba Gàn
3025,Dương Thụy
3026,JoJo Moyes
3027,Jojo Moyes
3028,Catharina Ingelman
3029,Sundberg
3030,Văn Thành Lê
3031,Đinh Hoàng Anh
3032,Nguyễn Thế Quang
3033,DTT
3034,Nguyễn Đông Triều
3035,Phan Mạnh Hùng
3036,Hiền Trang
3037,Eric Emmanuel Schmitt
3038,Sidney Sheldon
3039,Suzumu
3040,Song Hà
3041,Chu Đại Tân
3042,Katherine Applegate
3043,Phỉ Ngã Tư Tồn
3044,Marc Levy
3045,Linh
3046,Jathy
3047,Lafcadio Hearn
3048,Trương Anh Ngọc
3049,lê Ngọc Mai
3050,Lưu Tỉnh Long
3051,Akamitsu Awamura
3052,Dịch Chi
3053,Lam Tiểu Mị
3054,Takuji Tchikawa
3055,Anh Khang
3056,Tân Di Ổ
3057,Shimamoto Rio
3058,Guy De Maupassant
3059,Cassandra Clare
3060,Jeong You-Jeong
3061,Kai Hoàng
3062,Suzanne Enoch
3063,E.Nesbit
3064,Robert Dugoni
3065,Trường An
3066,Gào
3067,Chu Thị Minh Huệ
3068,Kristin Hannah
3069,Trần Mạnh Thường
3070,Phạm Lữ Ân
3071,Mai Văn Phấn
3072,Hồ Anh Thái
3073,Trang Xtd
3074,Lê Thúy Nhân
3075,Lưu Quang Minh
3076,Otsuichi
3077,Ann Rule
3078,Ernest Hemingway
3079,Tarryn Fisher
3080,Phạm Bảo Thoa
3081,J.K. Rowling
3082,Phạm Đình Hổ-Nguyễn Hưũ Tiến
3083,Trần Du
3084,Hãn Nguyên Nguyễn Nhã
3085,Winston Groom
3086,Nam Cao
3087,Asano Atsuko
3088,Nhạc Dũng
3089,Holly Black
3090,Bình Nguyên Trang
3091,Tử Kim Trần
3092,Lev Tolstoy
3093,Tạ Duy Anh
3094,Alexandra Riplley
3095,Donald Mccaig
3096,Ngự Ngã
3097,Quốc Học Tùng San
3098,Á Nam
3099,Trần Tuấn Khải
3100,Hàn Mặc Tử
3101,Thạch Lam
3102,J.K.Rowling
3103,Minette Walters
3104,Erich Maria Remarque
